{"cameraMode":{"drawMode":0,"name":"Shaded","section":"Shading Mode"},"sceneLighting":true,"audioPlay":false,"sceneViewState":{"showFog":true,"showMaterialUpdate":false,"showSkybox":true,"showFlares":true,"showImageEffects":true,"showParticleSystems":true},"in2DMode":false,"pivot":{"x":675.5574951171875,"y":395.64459228515627,"z":267.4716796875},"rotation":{"x":-0.008691400289535523,"y":-0.0011886103311553598,"z":-0.0000060266484069870789,"w":0.9999694228172302},"size":626.2268676757813,"orthographic":false}