{"cameraMode":{"drawMode":0,"name":"Shaded","section":"Shading Mode"},"sceneLighting":true,"audioPlay":false,"sceneViewState":{"showFog":true,"showMaterialUpdate":false,"showSkybox":true,"showFlares":true,"showImageEffects":true,"showParticleSystems":true},"in2DMode":false,"pivot":{"x":0.7035868167877197,"y":-100.00419616699219,"z":67.53643035888672},"rotation":{"x":0.45538997650146487,"y":-0.003727253992110491,"z":0.0019117099000141025,"w":0.8902965784072876},"size":99.95213317871094,"orthographic":false}