{"cameraMode":{"drawMode":0,"name":"Shaded","section":"Shading Mode"},"sceneLighting":true,"audioPlay":false,"sceneViewState":{"showFog":true,"showMaterialUpdate":false,"showSkybox":true,"showFlares":true,"showImageEffects":true,"showParticleSystems":true},"in2DMode":false,"pivot":{"x":93.67939758300781,"y":-216.62973022460938,"z":164.2513885498047},"rotation":{"x":0.4444061517715454,"y":0.031175903975963594,"z":-0.015473010018467904,"w":0.8951565623283386},"size":238.40541076660157,"orthographic":false}