{"cameraMode":{"drawMode":0,"name":"Shaded","section":"Shading Mode"},"sceneLighting":false,"audioPlay":false,"sceneViewState":{"showFog":true,"showMaterialUpdate":false,"showSkybox":false,"showFlares":true,"showImageEffects":true,"showParticleSystems":true},"in2DMode":false,"pivot":{"x":-1.2290740013122559,"y":3.696682929992676,"z":8.368633270263672},"rotation":{"x":0.29570066928863528,"y":-0.026922378689050676,"z":0.008343091234564782,"w":0.9548770189285278},"size":13.141817092895508,"orthographic":false}