{"cameraMode":{"drawMode":0,"name":"Shaded","section":"Shading Mode"},"sceneLighting":false,"audioPlay":false,"sceneViewState":{"showFog":true,"showMaterialUpdate":false,"showSkybox":false,"showFlares":true,"showImageEffects":true,"showParticleSystems":true},"in2DMode":false,"pivot":{"x":594.4324340820313,"y":324.44573974609377,"z":-2.658203125},"rotation":{"x":0.001808551955036819,"y":0.0078113507479429249,"z":-0.00000980279492068803,"w":0.999975323677063},"size":501.2794189453125,"orthographic":false}