{"cameraMode":{"drawMode":0,"name":"Shaded","section":"Shading Mode"},"sceneLighting":false,"audioPlay":false,"sceneViewState":{"showFog":true,"showMaterialUpdate":false,"showSkybox":false,"showFlares":true,"showImageEffects":true,"showParticleSystems":true},"in2DMode":false,"pivot":{"x":57.86432647705078,"y":-38.289215087890628,"z":54.61474609375},"rotation":{"x":0.3546258211135864,"y":0.06054051220417023,"z":-0.023012015968561174,"w":0.9327712059020996},"size":133.07901000976563,"orthographic":false}