{"cameraMode":{"drawMode":0,"name":"Shaded","section":"Shading Mode"},"sceneLighting":false,"audioPlay":false,"sceneViewState":{"showFog":true,"showMaterialUpdate":false,"showSkybox":false,"showFlares":true,"showImageEffects":true,"showParticleSystems":true},"in2DMode":false,"pivot":{"x":361.14794921875,"y":524.081787109375,"z":4.322509765625},"rotation":{"x":-0.01619075983762741,"y":0.003310898318886757,"z":0.00005793366290163249,"w":0.9998712539672852},"size":630.5032348632813,"orthographic":false}