{"cameraMode":{"drawMode":0,"name":"Shaded","section":"Shading Mode"},"sceneLighting":true,"audioPlay":false,"sceneViewState":{"showFog":true,"showMaterialUpdate":false,"showSkybox":true,"showFlares":true,"showImageEffects":true,"showParticleSystems":true},"in2DMode":false,"pivot":{"x":646.0523681640625,"y":329.5967102050781,"z":268.5509033203125},"rotation":{"x":-0.008691400289535523,"y":-0.0011886103311553598,"z":-0.0000060266484069870789,"w":0.9999694228172302},"size":828.7447509765625,"orthographic":false}