{"cameraMode":{"drawMode":0,"name":"Shaded","section":"Shading Mode"},"sceneLighting":false,"audioPlay":false,"sceneViewState":{"showFog":true,"showMaterialUpdate":false,"showSkybox":false,"showFlares":true,"showImageEffects":true,"showParticleSystems":true},"in2DMode":false,"pivot":{"x":544.3958740234375,"y":336.9007568359375,"z":51.159912109375},"rotation":{"x":-0.007191432174295187,"y":-0.002688370877876878,"z":-0.000014998717233538628,"w":0.9999776482582092},"size":508.7353515625,"orthographic":false}