{"cameraMode":{"drawMode":0,"name":"Shaded","section":"Shading Mode"},"sceneLighting":true,"audioPlay":false,"sceneViewState":{"showFog":true,"showMaterialUpdate":false,"showSkybox":true,"showFlares":true,"showImageEffects":true,"showParticleSystems":true},"in2DMode":false,"pivot":{"x":74.51235961914063,"y":-246.22244262695313,"z":121.10055541992188},"rotation":{"x":0.49367573857307436,"y":0.001577126793563366,"z":-0.0008907279116101563,"w":0.8696517944335938},"size":238.40541076660157,"orthographic":false}