{"cameraMode":{"drawMode":0,"name":"Shaded","section":"Shading Mode"},"sceneLighting":false,"audioPlay":false,"sceneViewState":{"showFog":true,"showMaterialUpdate":false,"showSkybox":false,"showFlares":true,"showImageEffects":true,"showParticleSystems":true},"in2DMode":false,"pivot":{"x":523.0367431640625,"y":343.0047302246094,"z":50.714599609375},"rotation":{"x":-0.010190523229539395,"y":-0.013187464326620102,"z":-0.00013007032976020128,"w":0.9998682141304016},"size":508.7353515625,"orthographic":false}