{"cameraMode":{"drawMode":0,"name":"Shaded","section":"Shading Mode"},"sceneLighting":false,"audioPlay":false,"sceneViewState":{"showFog":true,"showMaterialUpdate":false,"showSkybox":false,"showFlares":true,"showImageEffects":true,"showParticleSystems":true},"in2DMode":false,"pivot":{"x":1.8151183128356934,"y":-24.775657653808595,"z":-10.307586669921875},"rotation":{"x":0.5012637376785278,"y":-0.025681333616375924,"z":0.014888981357216835,"w":0.8647943139076233},"size":71.4595947265625,"orthographic":false}