{"cameraMode":{"drawMode":0,"name":"Shaded","section":"Shading Mode"},"sceneLighting":true,"audioPlay":false,"sceneViewState":{"showFog":true,"showMaterialUpdate":false,"showSkybox":true,"showFlares":true,"showImageEffects":true,"showParticleSystems":true},"in2DMode":false,"pivot":{"x":714.0250854492188,"y":394.2109069824219,"z":133.8741455078125},"rotation":{"x":0.010808723978698254,"y":0.0018104180926457048,"z":-0.00001744430119288154,"w":0.9999435544013977},"size":274.4092102050781,"orthographic":false}