{"cameraMode":{"drawMode":0,"name":"Shaded","section":"Shading Mode"},"sceneLighting":true,"audioPlay":false,"sceneViewState":{"showFog":true,"showMaterialUpdate":false,"showSkybox":true,"showFlares":true,"showImageEffects":true,"showParticleSystems":true},"in2DMode":false,"pivot":{"x":22.88533592224121,"y":-31.421493530273439,"z":54.898521423339847},"rotation":{"x":0.3325195908546448,"y":0.04130234569311142,"z":-0.014571970328688622,"w":0.942090630531311},"size":96.69940185546875,"orthographic":false}