{"cameraMode":{"drawMode":0,"name":"Shaded","section":"Shading Mode"},"sceneLighting":true,"audioPlay":false,"sceneViewState":{"showFog":true,"showMaterialUpdate":false,"showSkybox":true,"showFlares":true,"showImageEffects":true,"showParticleSystems":true},"in2DMode":false,"pivot":{"x":658.9961547851563,"y":407.7321472167969,"z":43.59619140625},"rotation":{"x":-0.008691561408340931,"y":0.003310782602056861,"z":0.000030680403142469004,"w":0.9999628663063049},"size":562.8897705078125,"orthographic":false}