{"cameraMode":{"drawMode":0,"name":"Shaded","section":"Shading Mode"},"sceneLighting":false,"audioPlay":false,"sceneViewState":{"showFog":true,"showMaterialUpdate":false,"showSkybox":false,"showFlares":true,"showImageEffects":true,"showParticleSystems":true},"in2DMode":false,"pivot":{"x":623.1688842773438,"y":383.1479187011719,"z":-0.94512939453125},"rotation":{"x":0.027304911985993387,"y":-0.00568639300763607,"z":0.00015964615158736706,"w":0.9996187090873718},"size":468.0834045410156,"orthographic":false}