{"cameraMode":{"drawMode":0,"name":"Shaded","section":"Shading Mode"},"sceneLighting":false,"audioPlay":false,"sceneViewState":{"showFog":true,"showMaterialUpdate":false,"showSkybox":false,"showFlares":true,"showImageEffects":true,"showParticleSystems":true},"in2DMode":false,"pivot":{"x":-0.4022679924964905,"y":1.596653938293457,"z":0.4922819137573242},"rotation":{"x":0.39564841985702517,"y":-0.012111828662455082,"z":0.0052209352143108849,"w":0.9183114767074585},"size":6.848852157592773,"orthographic":false}