{"cameraMode":{"drawMode":0,"name":"Shaded","section":"Shading Mode"},"sceneLighting":false,"audioPlay":false,"sceneViewState":{"showFog":true,"showMaterialUpdate":false,"showSkybox":false,"showFlares":true,"showImageEffects":true,"showParticleSystems":true},"in2DMode":false,"pivot":{"x":242.328369140625,"y":611.8900146484375,"z":9.3131103515625},"rotation":{"x":0.015307998284697533,"y":0.003311286447569728,"z":-0.00004625405927072279,"w":0.9998853206634522},"size":233.32241821289063,"orthographic":false}